{"cameraMode":{"drawMode":0,"name":"Shaded","section":"Shading Mode"},"sceneLighting":true,"audioPlay":false,"sceneViewState":{"showFog":true,"showMaterialUpdate":true,"showSkybox":true,"showFlares":true,"showImageEffects":true,"showParticleSystems":true},"in2DMode":false,"pivot":{"x":0.03300989791750908,"y":0.00023246400814969093,"z":-0.09632734209299088},"rotation":{"x":0.4953444004058838,"y":0.04504307359457016,"z":-0.025729963555932046,"w":0.8671464920043945},"size":0.11964087188243866,"orthographic":false}